recorded_at,temperature,humidity,gas,intrusion
2026-10-08 13:19:00.970484+00,26.4,44.7,491,f
2026-10-08 13:19:02.921414+00,26.4,44.6,511,f
2026-10-08 13:19:04.967275+00,26.5,44.5,495,f
2026-10-08 13:19:06.935068+00,26.4,44.6,465,f
2026-10-08 13:19:08.957523+00,26.4,44.5,475,f
2026-10-08 13:19:10.952504+00,26.5,44.5,508,f
2026-10-08 13:19:12.977845+00,26.4,44.5,476,f
2026-10-08 13:19:14.994416+00,26.5,44.5,480,f
2026-10-08 13:19:16.968541+00,26.5,44.5,485,f
2026-10-08 13:19:19.017211+00,26.5,44.6,486,f
2026-10-08 13:19:19.661883+00,26.5,44.6,478,t
2026-10-08 13:19:20.57944+00,26.5,44.6,500,f
2026-10-08 13:19:22.591337+00,26.5,44.5,533,f
2026-10-08 13:19:24.567686+00,26.5,44.4,496,f
2026-10-08 13:19:26.571835+00,26.5,44.4,496,f
2026-10-08 13:19:28.630851+00,26.5,44.4,477,f
2026-10-08 13:19:30.591123+00,26.5,44.4,483,f
2026-10-08 13:19:32.618662+00,26.5,44.4,522,f
2026-10-08 13:19:34.605409+00,26.5,44.3,553,f
2026-10-08 13:19:36.63767+00,26.5,44.3,498,f
2026-10-08 13:19:38.611892+00,26.5,44.2,499,f
2026-10-08 13:19:40.614392+00,26.5,44.1,483,f
2026-10-08 13:19:42.663871+00,26.5,44.1,509,f
2026-10-08 13:19:44.635929+00,26.5,44,606,f
2026-10-08 13:19:46.646772+00,26.5,44,524,f
2026-10-08 13:19:48.639211+00,26.5,44,503,f
2026-10-08 13:19:50.642577+00,26.5,44,496,f
2026-10-08 13:19:52.679652+00,26.5,44,480,f
2026-10-08 13:19:54.67181+00,26.5,43.9,476,f
2026-10-08 13:19:56.679825+00,26.5,43.9,473,f
2026-10-08 13:19:58.668909+00,26.5,43.9,480,f
2026-10-08 13:20:00.670837+00,26.5,43.9,507,f
2026-10-08 13:20:02.729842+00,26.5,43.9,484,f
2026-10-08 13:20:04.688855+00,26.5,44,487,f
2026-10-08 13:20:06.709164+00,26.5,44.1,494,f
2026-10-08 13:20:08.69954+00,26.5,44.1,481,f
2026-10-08 13:20:10.712446+00,26.5,44.2,511,f
2026-10-08 13:20:12.7481+00,26.5,44.2,495,f
2026-10-08 13:20:14.724378+00,26.5,44.1,473,f
2026-10-08 13:20:16.745896+00,26.5,44.2,496,f
2026-10-08 13:20:18.727677+00,26.5,44.2,585,f
2026-10-08 13:20:20.741591+00,26.5,44.1,505,f
2026-10-08 13:20:22.739501+00,26.5,44.1,509,f
2026-10-08 13:20:24.754597+00,26.5,44,496,f
2026-10-08 13:20:26.785082+00,26.5,43.9,500,f
2026-10-08 13:20:28.756442+00,26.5,44,467,f
2026-10-08 13:20:30.784257+00,26.5,43.9,475,f
2026-10-08 13:20:32.772218+00,26.5,43.8,522,f
2026-10-08 13:20:34.794632+00,26.5,43.8,468,f
2026-10-08 13:20:36.834723+00,26.5,43.8,496,f
2026-10-08 13:20:38.873466+00,26.5,43.8,464,f
2026-10-08 13:20:40.809504+00,26.5,43.8,482,f
2026-10-08 13:20:42.805058+00,26.5,43.9,496,f
2026-10-08 13:20:44.803474+00,26.5,43.9,502,f
2026-10-08 13:20:46.884746+00,26.5,44,502,f
2026-10-08 13:20:48.8131+00,26.5,44,467,f
2026-10-08 13:20:50.865343+00,26.5,43.9,506,f
2026-10-08 13:20:52.826947+00,26.5,44,479,f
2026-10-08 13:20:54.836589+00,26.5,43.9,549,f
2026-10-08 13:20:56.837422+00,26.5,44,510,f
2026-10-08 13:20:58.85684+00,26.4,44,496,f
2026-10-08 13:21:00.883151+00,26.5,44,496,f
2026-10-08 13:21:02.870416+00,26.5,44,496,f
2026-10-08 13:21:04.875976+00,26.4,44.1,494,f
2026-10-08 13:21:06.863896+00,26.5,44.1,483,f
2026-10-08 13:21:08.866234+00,26.5,44.1,487,f
2026-10-08 13:21:10.908003+00,26.4,44.1,487,f
2026-10-08 13:21:12.887497+00,26.5,44.1,483,f
2026-10-08 13:21:14.907942+00,26.5,44.2,499,f
2026-10-08 13:21:16.892535+00,26.4,44.2,489,f
2026-10-08 13:21:18.893936+00,26.4,44.2,486,f
2026-10-08 13:21:20.904662+00,26.5,44.1,511,f
2026-10-08 13:21:22.906594+00,26.4,44.2,497,f
2026-10-08 13:21:24.934965+00,26.5,44.1,550,f
2026-10-08 13:21:26.917184+00,26.5,44,487,f
2026-10-08 13:21:28.929013+00,26.4,44,507,f
2026-10-08 13:21:30.933314+00,26.5,44.1,473,f
2026-10-08 13:21:32.940916+00,26.4,44.2,485,f
2026-10-08 13:21:34.978608+00,26.4,44.5,494,f
2026-10-08 13:21:36.95001+00,26.4,44.7,538,f
2026-10-08 13:21:38.972388+00,26.4,44.8,496,f
2026-10-08 13:21:40.957842+00,26.4,44.7,533,f
2026-10-08 13:21:42.971065+00,26.4,44.7,502,f
2026-10-08 13:21:45.011864+00,26.4,44.8,533,f
2026-10-08 13:21:46.989032+00,26.5,44.8,541,f
2026-10-08 13:21:47.287803+00,26.5,44.8,576,t
2026-10-08 13:21:48.234691+00,26.5,44.8,544,f
2026-10-08 13:21:50.125258+00,26.5,45,537,t
2026-10-08 13:21:51.055813+00,26.5,45,499,f
2026-10-08 13:21:52.735737+00,26.5,45,508,t
2026-10-08 13:21:53.710414+00,26.5,45,474,f
2026-10-08 13:21:55.681175+00,26.5,45,501,f
2026-10-08 13:21:57.70615+00,26.5,45.2,506,f
2026-10-08 13:21:59.804302+00,26.5,45.3,528,f
2026-10-08 13:22:01.722123+00,26.5,45.2,492,f
2026-10-08 13:22:03.781078+00,26.5,45.2,485,f
2026-10-08 13:22:05.706714+00,26.4,45.3,483,f
2026-10-08 13:22:07.778707+00,26.5,45.1,504,f
2026-10-08 13:22:09.719442+00,26.5,45.1,490,f
2026-10-08 13:22:11.747819+00,26.5,45.1,491,f
2026-10-08 13:22:13.731007+00,26.5,44.9,491,f
2026-10-08 13:22:15.737301+00,26.5,44.9,477,f
2026-10-08 13:22:17.77753+00,26.5,44.9,511,f
2026-10-08 13:22:19.767186+00,26.5,44.8,483,f
2026-10-08 13:22:21.78026+00,26.5,44.7,467,f
2026-10-08 13:22:23.768622+00,26.5,44.8,478,f
2026-10-08 13:22:24.077919+00,26.5,44.8,526,t
2026-10-08 13:22:24.948056+00,26.5,44.8,480,f
2026-10-08 13:22:26.688483+00,26.5,44.7,536,t
2026-10-08 13:22:27.624594+00,26.5,44.7,494,f
2026-10-08 13:22:29.668763+00,26.5,44.8,496,f
2026-10-08 13:22:31.634268+00,26.5,44.9,482,f
2026-10-08 13:22:33.646861+00,26.5,44.9,565,f
2026-10-08 13:22:35.687638+00,26.5,45.3,500,f
2026-10-08 13:22:37.648701+00,26.6,45.7,523,f
2026-10-08 13:22:39.693977+00,26.5,45.4,546,f
2026-10-08 13:22:41.673952+00,26.6,45.1,537,f
2026-10-08 13:22:41.742858+00,26.6,45.1,497,t
2026-10-08 13:22:42.660451+00,26.6,45.1,539,f
2026-10-08 13:22:44.701718+00,26.5,44.9,547,f
2026-10-08 13:22:46.686515+00,26.5,44.7,560,f
2026-10-08 13:22:48.701801+00,26.6,44.6,547,f
2026-10-08 13:22:50.681623+00,26.6,44.5,543,f
2026-10-08 13:22:52.690968+00,26.5,44.4,530,f
2026-10-08 13:22:54.688549+00,26.5,44.4,556,f
2026-10-08 13:22:56.698644+00,26.6,44.3,545,f
2026-10-08 13:22:58.729067+00,26.6,44.3,531,f
2026-10-08 13:23:00.705097+00,26.6,44.3,511,f
2026-10-08 13:23:02.729663+00,26.6,44.3,528,f
2026-10-08 13:23:04.710723+00,26.5,44.2,537,f
2026-10-08 13:23:06.721787+00,26.6,44.2,555,f
2026-10-08 13:23:08.723724+00,26.6,44,511,f
2026-10-08 13:23:10.720555+00,26.6,44.1,543,f
2026-10-08 13:23:12.780985+00,26.6,44.1,550,f
2026-10-08 13:23:14.731603+00,26.6,44.1,533,f
2026-10-08 13:23:15.654578+00,26.6,44.1,510,t
2026-10-08 13:23:16.655599+00,26.6,44.1,547,f
2026-10-08 13:23:18.628357+00,26.5,44.1,566,f
2026-10-08 13:23:20.662737+00,26.6,44.2,560,f
2026-10-08 13:23:22.63288+00,26.5,44.2,555,f
2026-10-08 13:23:24.64208+00,26.6,44.3,531,f
2026-10-08 13:23:26.691304+00,26.5,44.2,543,f
2026-10-08 13:23:28.650444+00,26.5,44.2,507,f
2026-10-08 13:23:30.680902+00,26.5,44.3,533,f
2026-10-08 13:23:32.680383+00,26.5,44.3,539,f
2026-10-08 13:23:34.702945+00,26.5,44.3,537,f
2026-10-08 13:23:36.68566+00,26.5,44.3,560,f
2026-10-08 13:23:38.677212+00,26.5,44.6,548,f
2026-10-08 13:23:40.715671+00,26.5,44.7,528,f
2026-10-08 13:23:42.697331+00,26.5,44.9,544,f
2026-10-08 13:23:44.712494+00,26.5,45,553,f
2026-10-08 13:23:46.690859+00,26.5,45.1,525,f
2026-10-08 13:23:48.706268+00,26.5,44.8,575,f
2026-10-08 13:23:50.710529+00,26.5,44.7,511,f
2026-10-08 13:23:52.705814+00,26.5,44.6,527,f
2026-10-08 13:23:54.74314+00,26.5,44.5,547,f
2026-10-08 13:23:54.888374+00,26.5,44.5,534,t
2026-10-08 13:23:55.872309+00,26.5,44.5,560,f
2026-10-08 13:23:57.864487+00,26.5,44.4,511,f
2026-10-08 13:23:59.868863+00,26.5,44.3,528,f
2026-10-08 13:24:01.910652+00,26.6,44.2,530,f
2026-10-08 13:24:02.326869+00,26.6,44.2,537,t
2026-10-08 13:24:03.266488+00,26.6,44.2,560,f
2026-10-08 13:24:05.292362+00,26.5,44.2,528,f
2026-10-08 13:24:07.273333+00,26.6,44.2,543,f
2026-10-08 13:24:07.353367+00,26.6,44.2,523,t
2026-10-08 13:24:08.30906+00,26.6,44.2,529,f
2026-10-08 13:24:10.323734+00,26.6,44.2,533,f
2026-10-08 13:24:12.400847+00,26.5,44.2,553,f
2026-10-08 13:24:14.332524+00,26.5,44.2,560,f
2026-10-08 13:24:16.354334+00,26.5,44.2,542,f
2026-10-08 13:24:18.352027+00,26.5,44.2,551,f
2026-10-08 13:24:20.353911+00,26.5,44.1,538,f
2026-10-08 13:24:22.357858+00,26.5,44.2,537,f
2026-10-08 13:24:24.356445+00,26.5,44.1,551,f
2026-10-08 13:24:26.389703+00,26.5,44.3,562,f
2026-10-08 13:24:28.359959+00,26.5,44.3,543,f
2026-10-08 13:24:30.380002+00,26.5,44.2,555,f
2026-10-08 13:24:32.370751+00,26.6,44.4,544,f
2026-10-08 13:24:34.377766+00,26.5,44.3,551,f
2026-10-08 13:24:36.377194+00,26.5,44.3,548,f
2026-10-08 13:24:36.453664+00,26.5,44.3,545,t
2026-10-08 13:24:37.367166+00,26.5,44.3,560,f
2026-10-08 13:24:39.39612+00,26.5,44.3,529,f
2026-10-08 13:24:39.490807+00,26.5,44.3,530,t
2026-10-08 13:24:40.423133+00,26.5,44.3,535,f
2026-10-08 13:24:42.461033+00,26.5,44.4,585,f
2026-10-08 13:24:43.280266+00,26.5,44.4,565,t
2026-10-08 13:24:44.202133+00,26.5,44.4,543,f
2026-10-08 13:24:46.206404+00,26.5,44.3,525,f
2026-10-08 13:24:48.214173+00,26.6,44.2,573,f
2026-10-08 13:24:50.244729+00,26.5,44.2,549,f
2026-10-08 13:24:52.221855+00,26.5,44.2,588,f
2026-10-08 13:24:54.240506+00,26.5,44.2,538,f
2026-10-08 13:24:56.229501+00,26.5,44.2,528,f
2026-10-08 13:24:58.233498+00,26.5,44.2,567,f
2026-10-08 13:25:00.299286+00,26.6,44.3,551,f
2026-10-08 13:25:02.262303+00,26.5,44.2,531,f
2026-10-08 13:25:04.273814+00,26.5,44.1,554,f
2026-10-08 13:25:06.266347+00,26.5,44.1,573,f
2026-10-08 13:25:08.274022+00,26.6,44.2,553,f
2026-10-08 13:25:10.257546+00,26.5,44.2,544,f
2026-10-08 13:25:12.262054+00,26.5,44.2,560,f
2026-10-08 13:25:14.266885+00,26.5,44.2,586,f
2026-10-08 13:25:16.303799+00,26.6,44.2,565,f
2026-10-08 13:25:18.304744+00,26.6,44.3,603,f
2026-10-08 13:25:20.291659+00,26.5,44.3,582,f
2026-10-08 13:25:22.296725+00,26.5,44.3,545,f
2026-10-08 13:25:24.290836+00,26.5,44.3,535,f
2026-10-08 13:25:26.292757+00,26.5,44.3,576,f
2026-10-08 13:25:28.298466+00,26.5,44.3,544,f
2026-10-08 13:25:30.299786+00,26.5,44.4,563,f
2026-10-08 13:25:30.621023+00,26.5,44.4,539,t
2026-10-08 13:25:31.577438+00,26.5,44.4,547,f
2026-10-08 13:25:33.592975+00,26.5,44.6,547,f
2026-10-08 13:25:35.637832+00,26.5,44.9,560,f
2026-10-08 13:25:37.598594+00,26.5,44.9,578,f
2026-10-08 13:25:39.606461+00,26.5,44.9,570,f
2026-10-08 13:25:41.610336+00,26.5,44.9,555,f
2026-10-08 13:25:43.612461+00,26.5,45.2,544,f
2026-10-08 13:25:45.655372+00,26.5,45.3,569,f
2026-10-08 13:25:47.632083+00,26.5,45.3,560,f
2026-10-08 13:25:49.635157+00,26.5,45.3,557,f
2026-10-08 13:25:51.636635+00,26.5,45.6,606,f
2026-10-08 13:25:53.637312+00,26.5,45.5,549,f
2026-10-08 13:25:55.681397+00,26.5,45.3,592,f
2026-10-08 13:25:57.679404+00,26.5,45.3,569,f
2026-10-08 13:25:59.673622+00,26.5,45.3,555,f
2026-10-08 13:26:00.80011+00,26.5,45.3,577,t
2026-10-08 13:26:01.769799+00,26.5,45.2,555,f
2026-10-08 13:26:03.77125+00,26.5,45.2,534,f
2026-10-08 13:26:05.755554+00,26.5,45.3,558,f
2026-10-08 13:26:07.759411+00,26.5,45.2,534,f
2026-10-08 13:26:09.77072+00,26.5,45.1,547,f
2026-10-08 13:26:11.77138+00,26.5,45.2,539,f
2026-10-08 13:26:12.690653+00,26.5,45.2,587,t
2026-10-08 13:26:13.628055+00,26.5,45.2,595,f
2026-10-08 13:26:15.649906+00,26.5,44.9,548,f
2026-10-08 13:26:17.649602+00,26.5,44.8,540,f
2026-10-08 13:26:19.648059+00,26.6,44.7,551,f
2026-10-08 13:26:21.686973+00,26.5,44.7,582,f
2026-10-08 13:26:23.661807+00,26.5,44.7,527,f
2026-10-08 13:26:25.684898+00,26.6,44.5,542,f
2026-10-08 13:26:27.674617+00,26.5,44.5,524,f
2026-10-08 13:26:29.723158+00,26.5,44.5,547,f
2026-10-08 13:26:31.679169+00,26.5,44.5,541,f
2026-10-08 13:26:33.692014+00,26.5,44.5,533,f
2026-10-08 13:26:35.719759+00,26.5,44.7,565,f
2026-10-08 13:26:37.709447+00,26.5,44.7,528,f
2026-10-08 13:26:39.709342+00,26.5,44.6,572,f
2026-10-08 13:26:41.714632+00,26.6,44.7,571,f
2026-10-08 13:26:43.717348+00,26.5,44.8,581,f
2026-10-08 13:26:45.760102+00,26.5,44.8,547,f
2026-10-08 13:26:47.735431+00,26.5,44.8,578,f
2026-10-08 13:26:49.759662+00,26.5,44.8,592,f
2026-10-08 13:26:51.743757+00,26.5,44.8,553,f
2026-10-08 13:26:53.762363+00,26.5,44.8,527,f
2026-10-08 13:26:55.78858+00,26.6,44.8,553,f
2026-10-08 13:26:57.755895+00,26.5,44.8,563,f
2026-10-08 13:26:59.831063+00,26.6,44.8,526,f
2026-10-08 13:27:01.779894+00,26.5,44.8,545,f
2026-10-08 13:27:03.778167+00,26.6,44.8,565,f
2026-10-08 13:27:05.823974+00,26.5,44.8,547,f
2026-10-08 13:27:07.790863+00,26.6,44.9,559,f
2026-10-08 13:27:09.836379+00,26.5,44.8,554,f
2026-10-08 13:27:11.801653+00,26.5,44.8,547,f
2026-10-08 13:27:13.814324+00,26.6,44.9,564,f
2026-10-08 13:27:15.870605+00,26.5,45,523,f
2026-10-08 13:27:17.818677+00,26.6,44.9,511,f
2026-10-08 13:27:19.854685+00,26.6,44.8,534,f
2026-10-08 13:27:21.833365+00,26.5,44.8,555,f
2026-10-08 13:27:23.870651+00,26.5,44.7,555,f
2026-10-08 13:27:25.848476+00,26.6,44.7,560,f
2026-10-08 13:27:27.848581+00,26.6,44.7,533,f
2026-10-08 13:27:29.918725+00,26.6,44.6,511,f
2026-10-08 13:27:30.099859+00,26.6,44.6,574,t
2026-10-08 13:27:31.069598+00,26.6,44.6,594,f
2026-10-08 13:27:33.065731+00,26.5,44.6,554,f
2026-10-08 13:27:35.110733+00,26.6,44.6,529,f
2026-10-08 13:27:37.083785+00,26.5,44.6,561,f
2026-10-08 13:27:39.104844+00,26.6,44.5,554,f
2026-10-08 13:27:41.094609+00,26.5,44.5,557,f
2026-10-08 13:27:41.457667+00,26.5,44.5,540,t
2026-10-08 13:27:42.394988+00,26.5,44.5,618,f
2026-10-08 13:27:44.426222+00,26.6,44.9,576,f
2026-10-08 13:27:46.436105+00,26.6,44.9,607,f
2026-10-08 13:27:48.425185+00,26.5,44.8,641,f
2026-10-08 13:27:50.421896+00,26.5,44.8,593,f
2026-10-08 13:27:52.427452+00,26.5,44.6,593,f
2026-10-08 13:27:54.462425+00,26.5,44.7,611,f
2026-10-08 13:27:56.447635+00,26.5,44.7,569,f
2026-10-08 13:27:58.481854+00,26.5,44.6,590,f
2026-10-08 13:27:59.832432+00,26.5,44.6,576,t
2026-10-08 13:28:00.816446+00,26.5,44.6,551,f
2026-10-08 13:28:02.790981+00,26.5,44.6,549,f
2026-10-08 13:28:04.814399+00,26.5,44.5,551,f
2026-10-08 13:28:05.441232+00,26.5,44.5,547,t
2026-10-08 13:28:06.392365+00,26.5,44.5,540,f
2026-10-08 13:28:08.290226+00,26.5,44.6,576,t
2026-10-08 13:28:09.217617+00,26.5,44.6,528,f
2026-10-08 13:28:11.255335+00,26.5,44.6,560,f
2026-10-08 13:28:13.239805+00,26.5,44.5,619,f
2026-10-08 13:28:15.252241+00,26.5,44.5,560,f
2026-10-08 13:28:17.254461+00,26.5,44.5,599,f
2026-10-08 13:28:19.259577+00,26.5,44.5,545,f
2026-10-08 13:28:21.296698+00,26.5,44.5,524,f
2026-10-08 13:28:23.270852+00,26.5,44.4,570,f
2026-10-08 13:28:25.287062+00,26.5,44.3,555,f
2026-10-08 13:28:27.284532+00,26.5,44.4,542,f
2026-10-08 13:28:29.288713+00,26.5,44.5,553,f
2026-10-08 13:28:31.344983+00,26.5,44.5,526,f
2026-10-08 13:28:33.304435+00,26.5,44.6,544,f
2026-10-08 13:28:35.320982+00,26.6,44.6,544,f
2026-10-08 13:28:37.315824+00,26.5,44.6,531,f
2026-10-08 13:28:39.325755+00,26.6,44.5,556,f
2026-10-08 13:28:41.322363+00,26.5,44.5,528,f
2026-10-08 13:28:43.323451+00,26.6,44.4,528,f
2026-10-08 13:28:45.35767+00,26.5,44.4,601,f
2026-10-08 13:28:47.343516+00,26.5,44.4,543,f
2026-10-08 13:28:49.347773+00,26.5,44.5,592,f
2026-10-08 13:28:51.35534+00,26.5,44.5,592,f
2026-10-08 13:28:53.363635+00,26.6,44.5,533,f
2026-10-08 13:28:55.39746+00,26.6,44.6,560,f
2026-10-08 13:28:57.369812+00,26.5,44.5,561,f
2026-10-08 13:28:59.38944+00,26.6,44.5,560,f
2026-10-08 13:29:01.389931+00,26.6,44.5,555,f
2026-10-08 13:29:03.394132+00,26.6,44.5,559,f
2026-10-08 13:29:05.425743+00,26.6,44.4,592,f
2026-10-08 13:29:05.942843+00,26.6,44.4,592,t
2026-10-08 13:29:06.862535+00,26.6,44.4,593,f
2026-10-08 13:29:08.918811+00,26.6,44.5,559,f
2026-10-08 13:29:10.898481+00,26.6,44.4,576,f
2026-10-08 13:29:12.913394+00,26.6,44.4,560,f
2026-10-08 13:29:14.889873+00,26.6,44.5,565,f
2026-10-08 13:29:16.905106+00,26.6,44.3,580,f
2026-10-08 13:29:18.936996+00,26.6,44.4,575,f
2026-10-08 13:29:20.909748+00,26.6,44.4,578,f
2026-10-08 13:29:22.942053+00,26.6,44.5,566,f
2026-10-08 13:29:24.919762+00,26.5,44.5,569,f
2026-10-08 13:29:26.317077+00,26.5,44.5,558,t
2026-10-08 13:29:27.338059+00,26.6,44.5,547,f
2026-10-08 13:29:29.291379+00,26.6,44.5,569,f
2026-10-08 13:29:31.269552+00,26.6,44.5,555,f
2026-10-08 13:29:33.278994+00,26.6,44.5,553,f
2026-10-08 13:29:35.277257+00,26.6,44.5,528,f
2026-10-08 13:29:37.287609+00,26.6,44.6,560,f
2026-10-08 13:29:39.322177+00,26.6,44.6,527,f
2026-10-08 13:29:41.295204+00,26.5,44.7,559,f
2026-10-08 13:29:43.309732+00,26.5,44.6,553,f
2026-10-08 13:29:45.303258+00,26.6,44.6,534,f
2026-10-08 13:29:47.334893+00,26.5,44.6,565,f
2026-10-08 13:29:49.353694+00,26.6,44.6,618,f
2026-10-08 13:29:51.321771+00,26.5,44.6,561,f
2026-10-08 13:29:53.371667+00,26.5,44.6,564,f
2026-10-08 13:29:55.335579+00,26.5,44.6,563,f
2026-10-08 13:29:57.344652+00,26.5,44.6,565,f
2026-10-08 13:29:59.34527+00,26.5,44.6,578,f
2026-10-08 13:30:01.358008+00,26.5,44.5,576,f
2026-10-08 13:30:03.384912+00,26.5,44.6,546,f
2026-10-08 13:30:05.368212+00,26.6,44.5,553,f
2026-10-08 13:30:07.399508+00,26.5,44.5,576,f
2026-10-08 13:30:09.425033+00,26.5,44.6,544,f
2026-10-08 13:30:11.409858+00,26.5,44.6,559,f
2026-10-08 13:30:13.42969+00,26.5,44.6,566,f
2026-10-08 13:30:15.40385+00,26.5,44.7,536,f
2026-10-08 13:30:17.412436+00,26.5,44.7,551,f
2026-10-08 13:30:19.457302+00,26.5,44.6,534,f
2026-10-08 13:30:21.419865+00,26.5,44.6,548,f
2026-10-08 13:30:23.457503+00,26.5,44.6,563,f
2026-10-08 13:30:25.429313+00,26.5,44.5,571,f
2026-10-08 13:30:27.470514+00,26.5,44.5,547,f
2026-10-08 13:30:29.434726+00,26.5,44.5,558,f
2026-10-08 13:30:31.447873+00,26.5,44.5,576,f
2026-10-08 13:30:33.504505+00,26.5,44.5,558,f
2026-10-08 13:30:35.470893+00,26.5,44.5,573,f
2026-10-08 13:30:37.480668+00,26.5,44.5,585,f
2026-10-08 13:30:39.478508+00,26.5,44.5,537,f
2026-10-08 13:30:41.476683+00,26.5,44.5,593,f
2026-10-08 13:30:43.513182+00,26.5,44.4,535,f
2026-10-08 13:30:45.479829+00,26.5,44.5,576,f
2026-10-08 13:30:47.513604+00,26.5,44.4,562,f
2026-10-08 13:30:49.491924+00,26.5,44.5,547,f
2026-10-08 13:30:51.503784+00,26.5,44.5,571,f
2026-10-08 13:30:53.557212+00,26.5,44.5,535,f
2026-10-08 13:30:55.505631+00,26.5,44.5,554,f
2026-10-08 13:30:57.584558+00,26.5,44.5,555,f
2026-10-08 13:30:59.518516+00,26.5,44.4,563,f
2026-10-08 13:31:01.538968+00,26.5,44.4,560,f
2026-10-08 13:31:03.537061+00,26.5,44.4,535,f
2026-10-08 13:31:05.535963+00,26.5,44.3,537,f
2026-10-08 13:31:07.587248+00,26.5,44.4,560,f
2026-10-08 13:31:09.54681+00,26.5,44.3,540,f
2026-10-08 13:31:11.585496+00,26.5,44.3,550,f
2026-10-08 13:31:13.559645+00,26.5,44.5,543,f
2026-10-08 13:31:15.565024+00,26.5,44.5,588,f
2026-10-08 13:31:17.575101+00,26.5,44.4,640,f
2026-10-08 13:31:19.575458+00,26.5,44.5,561,f
2026-10-08 13:31:21.613986+00,26.5,44.5,567,f
2026-10-08 13:31:23.586315+00,26.5,44.5,588,f
2026-10-08 13:31:25.595164+00,26.5,44.5,575,f
2026-10-08 13:31:27.606037+00,26.5,44.6,574,f
2026-10-08 13:31:29.295621+00,26.5,44.6,596,t
2026-10-08 13:31:30.254845+00,26.5,44.6,592,f
2026-10-08 13:31:32.262441+00,26.5,44.6,560,f
2026-10-08 13:31:34.267354+00,26.5,44.6,545,f
2026-10-08 13:31:36.272518+00,26.5,44.5,578,f
2026-10-08 13:31:38.31011+00,26.5,44.5,550,f
2026-10-08 13:31:40.282255+00,26.5,44.5,623,f
2026-10-08 13:31:42.293802+00,26.5,44.5,561,f
2026-10-08 13:31:44.332898+00,26.5,44.4,577,f
2026-10-08 13:31:46.296532+00,26.4,44.3,605,f
2026-10-08 13:31:48.331706+00,26.4,44.4,581,f
2026-10-08 13:31:50.330043+00,26.5,44.3,572,f
2026-10-08 13:31:52.333266+00,26.4,44.4,544,f
2026-10-08 13:31:54.325505+00,26.5,44.4,572,f
2026-10-08 13:31:56.335165+00,26.4,44.3,585,f
2026-10-08 13:31:58.164121+00,26.4,44.3,581,t
2026-10-08 13:31:59.113337+00,26.4,44.4,576,f
2026-10-08 13:32:01.135353+00,26.4,44.4,565,f
2026-10-08 13:32:03.131239+00,26.4,44.4,547,f
2026-10-08 13:32:05.134039+00,26.4,44.4,558,f
2026-10-08 13:32:07.171987+00,26.4,44.4,541,f
2026-10-08 13:32:09.163814+00,26.4,44.4,571,f
2026-10-08 13:32:11.166502+00,26.4,44.4,549,f
2026-10-08 13:32:13.160781+00,26.4,44.5,560,f
2026-10-08 13:32:15.163531+00,26.4,44.5,544,f
2026-10-08 13:32:15.779319+00,26.4,44.5,649,t
2026-10-08 13:32:16.734964+00,26.4,44.5,592,f
2026-10-08 13:32:18.690039+00,26.4,44.5,593,f
2026-10-08 13:32:20.695729+00,26.4,44.5,566,f
2026-10-08 13:32:22.736502+00,26.4,44.5,592,f
2026-10-08 13:32:24.713534+00,26.4,44.5,534,f
2026-10-08 13:32:26.729098+00,26.4,44.5,547,f
2026-10-08 13:32:28.7253+00,26.4,44.5,562,f
2026-10-08 13:32:30.730395+00,26.4,44.4,570,f
2026-10-08 13:32:32.731346+00,26.4,44.3,580,f
2026-10-08 13:32:34.739864+00,26.4,44.4,563,f
2026-10-08 13:32:36.774191+00,26.4,44.3,551,f
2026-10-08 13:32:38.753476+00,26.4,44.3,559,f
2026-10-08 13:32:40.754487+00,26.4,44.2,534,f
2026-10-08 13:32:42.756985+00,26.4,44.3,560,f
2026-10-08 13:32:44.77021+00,26.4,44.3,587,f
2026-10-08 13:32:46.801987+00,26.4,44.3,535,f
2026-10-08 13:32:48.785267+00,26.3,44.3,554,f
2026-10-08 13:32:50.795334+00,26.4,44.4,566,f
2026-10-08 13:32:52.798372+00,26.4,44.5,559,f
2026-10-08 13:32:54.797328+00,26.4,44.5,531,f
2026-10-08 13:32:56.867891+00,26.4,44.5,550,f
2026-10-08 13:32:58.808108+00,26.4,44.5,559,f
2026-10-08 13:33:00.824122+00,26.3,44.6,558,f
2026-10-08 13:33:02.821404+00,26.4,44.7,564,f
2026-10-08 13:33:04.824865+00,26.4,44.7,581,f
2026-10-08 13:33:06.871919+00,26.3,44.7,583,f
2026-10-08 13:33:08.857393+00,26.4,44.7,593,f
2026-10-08 13:33:10.862362+00,26.4,44.7,584,f
2026-10-08 13:33:12.846102+00,26.4,44.6,573,f
2026-10-08 13:33:14.860787+00,26.4,44.6,565,f
2026-10-08 13:33:16.85545+00,26.4,44.8,556,f
2026-10-08 13:33:18.867819+00,26.4,45.2,586,f
2026-10-08 13:33:20.902769+00,26.4,45.2,561,f
2026-10-08 13:33:22.950628+00,26.4,45.2,542,f
2026-10-08 13:33:24.886604+00,26.4,45.9,585,f
2026-10-08 13:33:26.937776+00,26.4,46.2,588,f
2026-10-08 13:33:28.893994+00,26.4,45.9,551,f
2026-10-08 13:33:30.929971+00,26.4,45.7,572,f
2026-10-08 13:33:32.903808+00,26.4,45.8,545,f
2026-10-08 13:33:34.963124+00,26.4,45.7,576,f
2026-10-08 13:33:36.915498+00,26.4,45.4,560,f
2026-10-08 13:33:38.919255+00,26.4,45.2,555,f
2026-10-08 13:33:41.070364+00,26.4,45,540,f
2026-10-08 13:33:42.936052+00,26.4,45,558,f
2026-10-08 13:33:44.958826+00,26.4,44.9,574,f
2026-10-08 13:33:47.010011+00,26.4,44.9,559,f
2026-10-08 13:33:48.959397+00,26.4,44.8,549,f
2026-10-08 13:33:50.957425+00,26.4,44.8,565,f
2026-10-08 13:33:52.959114+00,26.4,44.7,592,f
2026-10-08 13:33:54.477794+00,26.4,44.7,627,t
2026-10-08 13:33:55.413076+00,26.4,44.8,601,f
2026-10-08 13:33:57.455329+00,26.4,44.7,577,f
2026-10-08 13:33:59.513891+00,26.4,44.6,592,f
2026-10-08 13:34:01.665641+00,26.4,44.6,576,f
2026-10-08 13:34:03.457201+00,26.4,44.6,611,f
2026-10-08 13:34:05.457956+00,26.4,44.6,595,f
2026-10-08 13:34:07.502066+00,26.4,44.6,567,f
2026-10-08 13:34:09.463102+00,26.4,44.6,594,f
2026-10-08 13:34:11.483551+00,26.4,44.5,576,f
2026-10-08 13:34:13.464957+00,26.4,44.7,598,f
2026-10-08 13:34:15.476447+00,26.4,44.6,577,f
2026-10-08 13:34:17.477045+00,26.4,44.5,576,f
2026-10-08 13:34:19.489423+00,26.4,44.5,619,f
2026-10-08 13:34:21.51556+00,26.4,44.6,576,f
2026-10-08 13:34:23.497121+00,26.4,44.4,575,f
2026-10-08 13:34:25.514065+00,26.4,44.5,578,f
2026-10-08 13:34:27.507539+00,26.4,44.5,592,f
2026-10-08 13:34:29.513371+00,26.4,44.5,592,f
2026-10-08 13:34:31.550899+00,26.4,44.3,582,f
2026-10-08 13:34:33.526884+00,26.4,44.4,561,f
2026-10-08 13:34:35.541767+00,26.4,44.5,592,f
2026-10-08 13:34:37.541118+00,26.4,45.6,647,f
2026-10-08 13:34:39.546165+00,26.4,46.2,587,f
2026-10-08 13:34:41.58897+00,26.4,46.2,564,f
2026-10-08 13:34:43.555833+00,26.4,45.9,601,f
2026-10-08 13:34:45.580447+00,26.4,45.7,592,f
2026-10-08 13:34:47.564353+00,26.4,45.5,579,f
2026-10-08 13:34:49.572372+00,26.4,45.3,578,f
2026-10-08 13:34:51.629289+00,26.4,45.1,607,f
2026-10-08 13:34:53.582087+00,26.4,44.9,576,f
2026-10-08 13:34:55.617476+00,26.4,44.9,560,f
2026-10-08 13:34:57.595923+00,26.4,44.9,593,f
2026-10-08 13:34:59.607905+00,26.4,44.8,575,f
2026-10-08 13:35:01.764157+00,26.4,44.8,569,f
2026-10-08 13:35:03.612781+00,26.4,44.7,577,f
2026-10-08 13:35:05.644705+00,26.4,44.7,560,f
2026-10-08 13:35:07.625757+00,26.4,44.6,578,f
2026-10-08 13:35:09.647737+00,26.4,44.5,557,f
2026-10-08 13:35:11.635056+00,26.4,44.4,571,f
2026-10-08 13:35:13.678306+00,26.4,44.5,592,f
2026-10-08 13:35:15.680025+00,26.5,44.4,594,f
2026-10-08 13:35:16.00746+00,26.5,44.4,585,t
2026-10-08 13:35:16.954147+00,26.5,44.4,539,f
2026-10-08 13:35:18.960034+00,26.4,44.8,575,f
2026-10-08 13:35:20.111749+00,26.4,44.8,587,t
2026-10-08 13:35:21.220327+00,26.5,44.8,571,f
2026-10-08 13:35:22.961753+00,26.5,44.8,593,t
2026-10-08 13:35:23.984822+00,26.5,44.6,592,f
2026-10-08 13:35:25.949841+00,26.5,44.6,589,f
2026-10-08 13:35:25.977126+00,26.5,44.6,576,t
2026-10-08 13:35:26.95677+00,26.5,44.6,589,f
2026-10-08 13:35:28.694752+00,26.5,44.4,607,t
2026-10-08 13:35:29.604117+00,26.5,44.4,560,f
2026-10-08 13:35:31.659594+00,26.5,44.3,580,f
2026-10-08 13:35:32.015753+00,26.5,44.3,610,t
2026-10-08 13:35:32.992864+00,26.5,44.3,582,f
2026-10-08 13:35:34.971602+00,26.5,45.7,557,f
2026-10-08 13:35:36.978406+00,26.5,45.4,531,f
2026-10-08 13:35:38.984036+00,26.5,45.1,574,f
2026-10-08 13:35:40.049565+00,26.5,45.1,559,t
2026-10-08 13:35:40.973358+00,26.5,45.1,578,f
2026-10-08 13:35:42.673594+00,26.5,44.7,596,t
2026-10-08 13:35:43.635081+00,26.5,44.7,545,f
2026-10-08 13:35:45.607622+00,26.5,44.6,608,f
2026-10-08 13:35:47.632363+00,26.5,44.5,567,f
2026-10-08 13:35:48.653542+00,26.5,44.5,578,t
2026-10-08 13:35:49.426119+00,26.5,44.5,560,f
2026-10-08 13:35:51.449304+00,26.5,44.4,545,f
2026-10-08 13:35:53.474383+00,26.5,44.4,558,f
2026-10-08 13:35:55.450338+00,26.5,44.4,534,f
2026-10-08 13:35:57.45772+00,26.5,44.3,560,f
2026-10-08 13:35:57.763367+00,26.5,44.3,574,t
2026-10-08 13:35:58.692656+00,26.5,44.3,570,f
2026-10-08 13:36:00.797983+00,26.5,44.3,549,f
2026-10-08 13:36:02.722277+00,26.5,44.3,528,f
2026-10-08 13:36:04.742208+00,26.5,44.3,560,f
2026-10-08 13:36:06.72124+00,26.5,44.3,563,f
2026-10-08 13:36:08.728076+00,26.5,44.3,555,f
2026-10-08 13:36:10.730206+00,26.5,44.2,548,f
2026-10-08 13:36:12.746888+00,26.5,44.2,593,f
2026-10-08 13:36:14.771473+00,26.5,44.2,544,f
2026-10-08 13:36:16.746222+00,26.5,44.1,550,f
2026-10-08 13:36:18.787818+00,26.4,44.2,549,f
2026-10-08 13:36:20.762545+00,26.5,44.2,557,f
2026-10-08 13:36:22.779294+00,26.5,44.3,525,f
2026-10-08 13:36:24.808525+00,26.5,44.2,534,f
2026-10-08 13:36:26.296236+00,26.5,44.2,543,t
2026-10-08 13:36:27.260308+00,26.5,44.1,609,f
2026-10-08 13:36:29.260921+00,26.5,44.2,581,f
2026-10-08 13:36:31.284043+00,26.5,44.2,546,f
2026-10-08 13:36:33.31681+00,26.5,44.2,603,f
2026-10-08 13:36:34.879903+00,26.5,44.2,577,t
2026-10-08 13:36:35.868689+00,26.5,44.3,546,f
2026-10-08 13:36:37.848043+00,26.5,44.3,547,f
2026-10-08 13:36:39.855071+00,26.5,44.2,528,f
2026-10-08 13:36:41.903155+00,26.5,44.3,550,f
2026-10-08 13:36:43.865527+00,26.5,44.2,582,f
2026-10-08 13:36:45.900769+00,26.5,44.2,545,f
2026-10-08 13:36:47.872404+00,26.5,44.2,541,f
2026-10-08 13:36:49.890934+00,26.5,44.1,510,f
2026-10-08 13:36:51.889735+00,26.4,44.2,560,f
2026-10-08 13:36:53.893518+00,26.5,44.1,554,f
2026-10-08 13:36:55.965625+00,26.5,44.1,544,f
2026-10-08 13:36:57.977228+00,26.5,44.1,548,f
2026-10-08 13:36:59.934921+00,26.5,44,567,f
2026-10-08 13:37:01.910801+00,26.5,44,560,f
2026-10-08 13:37:04.048574+00,26.5,43.9,528,f
2026-10-08 13:37:05.995203+00,26.5,44,539,f
2026-10-08 13:37:07.956982+00,26.5,44,573,f
2026-10-08 13:37:09.969663+00,26.5,44,559,f
2026-10-08 13:37:11.446162+00,26.5,44,566,t
2026-10-08 13:37:12.41921+00,26.5,44.1,565,f
2026-10-08 13:37:14.474815+00,26.5,44.3,560,f
2026-10-08 13:37:16.413992+00,26.5,44.4,557,f
2026-10-08 13:37:16.468611+00,26.5,44.4,574,t
2026-10-08 13:37:17.438048+00,26.5,44.4,569,f
2026-10-08 13:37:19.480765+00,26.5,44.3,576,f
2026-10-08 13:37:21.454065+00,26.5,44.3,574,f
2026-10-08 13:37:23.478448+00,26.5,44.3,560,f
2026-10-08 13:37:25.44746+00,26.5,44.2,576,f
2026-10-08 13:37:27.472347+00,26.5,44.2,599,f
2026-10-08 13:37:29.459493+00,26.5,44.3,566,f
2026-10-08 13:37:31.463547+00,26.5,44.4,581,f
2026-10-08 13:37:33.466819+00,26.4,44.5,560,f
2026-10-08 13:37:34.565623+00,26.4,44.5,542,t
2026-10-08 13:37:35.511748+00,26.5,44.4,581,f
2026-10-08 13:37:37.518333+00,26.4,44.4,546,f
2026-10-08 13:37:39.5652+00,26.5,44.4,624,f
2026-10-08 13:37:41.525635+00,26.4,44.6,548,f
2026-10-08 13:37:43.54942+00,26.5,44.5,608,f
2026-10-08 13:37:45.530105+00,26.5,44.5,556,f
2026-10-08 13:37:47.537614+00,26.5,44.5,565,f
2026-10-08 13:37:49.588445+00,26.5,44.5,624,f
2026-10-08 13:37:51.544279+00,26.5,44.6,555,f
2026-10-08 13:37:53.579554+00,26.5,44.6,570,f
2026-10-08 13:37:55.554184+00,26.5,44.6,578,f
2026-10-08 13:37:57.571226+00,26.5,44.5,559,f
2026-10-08 13:37:59.567147+00,26.5,44.4,576,f
2026-10-08 13:38:01.569441+00,26.5,44.4,614,f
2026-10-08 13:38:03.620707+00,26.5,44.5,553,f
2026-10-08 13:38:05.586832+00,26.5,44.5,576,f
2026-10-08 13:38:07.606692+00,26.5,44.6,585,f
2026-10-08 13:38:09.589782+00,26.5,44.6,640,f
2026-10-08 13:38:11.595159+00,26.5,44.5,561,f
2026-10-08 13:38:13.607266+00,26.5,44.4,624,f
2026-10-08 13:38:15.647098+00,26.5,44.4,577,f
2026-10-08 13:38:17.680192+00,26.5,44.4,575,f
2026-10-08 13:38:19.620879+00,26.5,44.4,575,f
2026-10-08 13:38:21.637665+00,26.5,44.4,567,f
2026-10-08 13:38:23.6256+00,26.5,44.4,589,f
2026-10-08 13:38:25.6366+00,26.5,44.5,565,f
2026-10-08 13:38:27.789083+00,26.5,44.6,574,f
2026-10-08 13:38:29.637369+00,26.5,44.5,560,f
2026-10-08 13:38:31.672607+00,26.5,44.6,564,f
2026-10-08 13:38:33.665849+00,26.5,44.6,576,f
2026-10-08 13:38:35.659614+00,26.5,44.5,547,f
2026-10-08 13:38:37.657802+00,26.5,44.5,581,f
2026-10-08 13:38:39.669771+00,26.5,44.5,572,f
2026-10-08 13:38:41.717094+00,26.5,44.4,549,f
2026-10-08 13:38:43.672406+00,26.5,44.5,577,f
2026-10-08 13:38:45.70375+00,26.5,44.6,558,f
2026-10-08 13:38:47.684936+00,26.5,44.6,563,f
2026-10-08 13:38:49.691687+00,26.5,44.6,607,f
2026-10-08 13:38:51.873382+00,26.5,44.6,551,f
2026-10-08 13:38:53.701262+00,26.5,44.5,562,f
2026-10-08 13:38:55.73311+00,26.5,44.5,580,f
2026-10-08 13:38:57.709055+00,26.5,44.5,578,f
2026-10-08 13:38:59.723713+00,26.5,44.3,563,f
2026-10-08 13:39:01.717581+00,26.5,44.4,570,f
2026-10-08 13:39:03.723197+00,26.5,44.3,611,f
2026-10-08 13:39:05.728318+00,26.5,44.3,560,f
2026-10-08 13:39:07.731149+00,26.5,44.3,576,f
2026-10-08 13:39:09.771193+00,26.5,44.3,615,f
2026-10-08 13:39:11.741525+00,26.5,44.3,551,f
2026-10-08 13:39:13.760874+00,26.5,44.4,591,f
2026-10-08 13:39:15.749917+00,26.5,44.5,607,f
2026-10-08 13:39:17.75899+00,26.5,44.4,574,f
2026-10-08 13:39:19.796531+00,26.5,44.5,544,f
2026-10-08 13:39:21.737929+00,26.5,44.5,560,t
2026-10-08 13:39:22.694071+00,26.5,44.3,559,f
2026-10-08 13:39:24.719552+00,26.5,44.5,549,f
2026-10-08 13:39:26.702046+00,26.5,44.5,534,f
2026-10-08 13:39:28.710873+00,26.5,44.4,559,f
2026-10-08 13:39:30.754313+00,26.5,44.5,508,f
2026-10-08 13:39:32.725236+00,26.5,44.5,559,f
2026-10-08 13:39:34.763922+00,26.5,44.4,551,f
2026-10-08 13:39:36.728157+00,26.5,44.4,590,f
2026-10-08 13:39:38.764976+00,26.5,44.4,528,f
2026-10-08 13:39:40.748411+00,26.5,44.4,551,f
2026-10-08 13:39:42.74673+00,26.5,44.4,529,f
2026-10-08 13:39:44.784235+00,26.5,44.4,547,f
2026-10-08 13:39:46.763118+00,26.5,44.5,523,f
2026-10-08 13:39:48.817814+00,26.5,44.5,538,f
2026-10-08 13:39:50.767306+00,26.5,44.5,563,f
2026-10-08 13:39:52.773747+00,26.5,44.5,547,f
2026-10-08 13:39:54.77267+00,26.5,44.4,511,f
2026-10-08 13:39:55.533142+00,26.5,44.4,525,t
2026-10-08 13:39:56.481115+00,26.5,44.4,582,f
2026-10-08 13:39:58.499812+00,26.5,44.4,582,f
2026-10-08 13:40:00.498612+00,26.5,44.4,585,f
2026-10-08 13:40:02.502946+00,26.5,44.8,615,f
2026-10-08 13:40:04.540268+00,26.5,44.9,560,f
2026-10-08 13:40:06.515955+00,26.5,45,559,f
2026-10-08 13:40:08.536699+00,26.5,45,550,f
2026-10-08 13:40:10.525082+00,26.5,44.8,582,f
2026-10-08 13:40:12.556953+00,26.5,44.8,581,f
2026-10-08 13:40:14.534979+00,26.5,44.7,554,f
2026-10-08 13:40:16.537098+00,26.5,44.7,567,f
2026-10-08 13:40:18.572624+00,26.5,44.7,576,f
2026-10-08 13:40:20.547792+00,26.5,44.8,579,f
2026-10-08 13:40:21.036444+00,26.5,44.8,511,t
2026-10-08 13:40:21.849132+00,26.5,44.8,560,f
2026-10-08 13:40:23.836339+00,26.5,44.9,590,f
2026-10-08 13:40:24.001932+00,26.5,44.9,586,t
2026-10-08 13:40:24.935729+00,26.5,44.9,587,f
2026-10-08 13:40:26.996863+00,26.5,44.9,592,f
2026-10-08 13:40:28.973318+00,26.5,45,548,f
2026-10-08 13:40:29.326505+00,26.5,45,555,t
2026-10-08 13:40:30.374804+00,26.5,45,533,f
2026-10-08 13:40:32.315627+00,26.5,45.1,553,f
2026-10-08 13:40:34.301749+00,26.5,45.4,537,f
2026-10-08 13:40:35.278982+00,26.5,45.4,592,t
2026-10-08 13:40:36.226027+00,26.5,45.4,599,f
2026-10-08 13:40:38.240772+00,26.5,45.7,597,f
2026-10-08 13:40:40.312415+00,26.5,45.4,573,f
2026-10-08 13:40:42.257582+00,26.5,45.1,619,f
2026-10-08 13:40:44.279638+00,26.6,45.4,623,f
2026-10-08 13:40:46.282046+00,26.5,45.4,555,f
2026-10-08 13:40:48.272782+00,26.5,45.4,565,f
2026-10-08 13:40:50.275077+00,26.6,45.1,592,f
2026-10-08 13:40:52.278488+00,26.6,45,596,f
2026-10-08 13:40:54.313672+00,26.6,44.8,605,f
2026-10-08 13:40:56.289622+00,26.5,44.8,554,f
2026-10-08 13:40:58.308599+00,26.6,44.7,623,f
2026-10-08 13:41:00.297424+00,26.6,44.8,567,f
2026-10-08 13:41:02.306937+00,26.6,44.6,576,f
2026-10-08 13:41:04.356552+00,26.5,44.6,576,f
2026-10-08 13:41:06.313859+00,26.6,44.6,572,f
2026-10-08 13:41:08.349643+00,26.6,44.5,592,f
2026-10-08 13:41:10.320852+00,26.5,44.5,592,f
2026-10-08 13:41:12.331617+00,26.6,44.5,569,f
2026-10-08 13:41:14.389657+00,26.6,44.3,550,f
2026-10-08 13:41:16.358311+00,26.5,44.3,592,f
2026-10-08 13:41:18.375632+00,26.6,44.2,553,f
2026-10-08 13:41:20.35847+00,26.6,44.2,557,f
2026-10-08 13:41:22.377702+00,26.6,44.1,619,f
2026-10-08 13:41:24.367756+00,26.6,44.1,592,f
2026-10-08 13:41:26.380179+00,26.6,44.1,592,f
2026-10-08 13:41:28.363911+00,26.6,44.1,562,f
2026-10-08 13:41:30.370408+00,26.6,44.1,564,f
2026-10-08 13:41:32.403717+00,26.6,44,589,f
2026-10-08 13:41:34.382405+00,26.6,44,661,f
2026-10-08 13:41:36.406379+00,26.6,44,574,f
2026-10-08 13:41:38.397932+00,26.6,44,559,f
2026-10-08 13:41:40.09854+00,26.6,44,570,t
2026-10-08 13:41:41.061676+00,26.6,43.9,599,f
2026-10-08 13:41:43.066714+00,26.6,44,593,f
2026-10-08 13:41:45.107538+00,26.6,44,590,f
2026-10-08 13:41:47.093587+00,26.6,44,559,f
2026-10-08 13:41:49.115872+00,26.6,44,560,f
2026-10-08 13:41:51.096498+00,26.6,43.9,558,f
2026-10-08 13:41:53.099806+00,26.6,44,578,f
2026-10-08 13:41:55.137867+00,26.6,43.9,556,f
2026-10-08 13:41:57.120277+00,26.6,43.9,571,f
2026-10-08 13:41:59.182003+00,26.6,43.9,574,f
2026-10-08 13:42:01.111864+00,26.6,43.9,563,f
2026-10-08 13:42:03.145627+00,26.6,43.9,598,f
2026-10-08 13:42:05.122335+00,26.6,43.9,592,f
2026-10-08 13:42:07.129122+00,26.6,44,555,f
2026-10-08 13:42:09.17911+00,26.6,44.1,581,f
2026-10-08 13:42:11.133746+00,26.6,44.2,592,f
2026-10-08 13:42:13.161635+00,26.6,44.4,566,f
2026-10-08 13:42:15.148549+00,26.6,44.6,601,f
2026-10-08 13:42:17.160918+00,26.6,44.4,566,f
2026-10-08 13:42:19.163332+00,26.6,44.5,559,f
2026-10-08 13:42:21.161309+00,26.6,44.4,576,f
2026-10-08 13:42:23.21391+00,26.6,44.3,576,f
2026-10-08 13:42:25.186577+00,26.6,44.3,565,f
2026-10-08 13:42:27.20522+00,26.6,44.2,610,f
2026-10-08 13:42:29.18428+00,26.6,44.3,585,f
2026-10-08 13:42:31.193727+00,26.6,44.3,555,f
2026-10-08 13:42:31.598851+00,26.6,44.3,571,t
2026-10-08 13:42:32.540948+00,26.6,44.3,589,f
2026-10-08 13:42:34.525843+00,26.6,44.3,558,f
2026-10-08 13:42:36.550658+00,26.6,44.1,546,f
2026-10-08 13:42:38.603347+00,26.6,44.1,560,f
2026-10-08 13:42:40.535558+00,26.6,44.1,586,f
2026-10-08 13:42:42.544337+00,26.6,44,551,f
2026-10-08 13:42:44.557742+00,26.6,44,576,f
2026-10-08 13:42:46.557665+00,26.6,44,545,f
2026-10-08 13:42:48.548126+00,26.6,44,549,f
2026-10-08 13:42:50.560777+00,26.6,44,565,f
2026-10-08 13:42:52.578924+00,26.6,44,560,f
2026-10-08 13:42:54.563295+00,26.6,44,548,f
2026-10-08 13:42:56.586662+00,26.6,44.1,539,f
2026-10-08 13:42:58.573915+00,26.6,44.3,529,f
2026-10-08 13:43:00.576561+00,26.6,44.2,563,f
2026-10-08 13:43:02.639109+00,26.6,44.3,543,f
2026-10-08 13:43:04.592848+00,26.6,44.2,533,f
2026-10-08 13:43:06.615018+00,26.6,44.2,538,f
2026-10-08 13:43:08.601341+00,26.6,44.5,539,f
2026-10-08 13:43:10.624913+00,26.6,44.9,583,f
2026-10-08 13:43:12.604022+00,26.7,44.8,551,f
2026-10-08 13:43:14.615674+00,26.6,45.2,528,f
2026-10-08 13:43:16.652697+00,26.6,45.7,560,f
2026-10-08 13:43:18.623653+00,26.7,45.8,576,f
2026-10-08 13:43:20.638448+00,26.6,45.4,556,f
2026-10-08 13:43:22.632694+00,26.6,45,576,f
2026-10-08 13:43:24.665515+00,26.6,44.9,560,f
2026-10-08 13:43:26.679981+00,26.6,45.4,553,f
2026-10-08 13:43:28.649321+00,26.6,45.2,535,f
2026-10-08 13:43:30.673944+00,26.6,45,558,f
2026-10-08 13:43:32.651644+00,26.7,44.7,557,f
2026-10-08 13:43:34.662087+00,26.7,44.5,547,f
2026-10-08 13:43:36.663943+00,26.7,44.4,538,f
2026-10-08 13:43:38.665503+00,26.7,44.8,528,f
2026-10-08 13:43:40.709334+00,26.6,45.1,573,f
2026-10-08 13:43:42.677014+00,26.6,45.1,566,f
2026-10-08 13:43:44.718646+00,26.6,44.9,545,f
2026-10-08 13:43:46.689185+00,26.6,44.7,562,f
2026-10-08 13:43:48.693944+00,26.6,44.5,563,f
2026-10-08 13:43:50.736804+00,26.6,44.5,567,f
2026-10-08 13:43:52.706831+00,26.6,44.4,549,f
2026-10-08 13:43:54.740044+00,26.6,44.3,592,f
2026-10-08 13:43:56.717952+00,26.6,44.4,571,f
2026-10-08 13:43:58.733051+00,26.6,44.6,642,f
2026-10-08 13:44:00.812296+00,26.7,44.6,534,f
2026-10-08 13:44:02.929685+00,26.6,44.6,562,f
2026-10-08 13:44:04.782888+00,26.6,44.5,539,f
2026-10-08 13:44:06.778213+00,26.6,44.4,575,f
2026-10-08 13:44:08.765143+00,26.6,44.3,548,f
2026-10-08 13:44:10.748583+00,26.6,44.2,560,f
2026-10-08 13:44:12.764347+00,26.6,44.1,533,f
2026-10-08 13:44:14.758631+00,26.6,44.1,524,f
2026-10-08 13:44:16.762891+00,26.6,44.1,550,f
2026-10-08 13:44:18.804421+00,26.6,44.1,529,f
2026-10-08 13:44:20.779749+00,26.6,44.1,533,f
2026-10-08 13:44:22.788544+00,26.6,44.1,511,f
2026-10-08 13:44:24.78151+00,26.6,44.1,555,f
2026-10-08 13:44:26.786463+00,26.6,44.1,531,f
2026-10-08 13:44:28.830933+00,26.6,44.1,560,f
2026-10-08 13:44:30.79681+00,26.6,44,533,f
2026-10-08 13:44:32.852472+00,26.6,44,565,f
2026-10-08 13:44:34.809024+00,26.6,44.2,528,f
2026-10-08 13:44:36.834914+00,26.6,44.2,544,f
2026-10-08 13:44:38.814152+00,26.6,44.3,550,f
2026-10-08 13:44:40.818616+00,26.6,44.3,554,f
2026-10-08 13:44:41.172439+00,26.6,44.3,560,t
2026-10-08 13:44:42.150923+00,26.6,44.3,576,f
2026-10-08 13:44:43.890841+00,26.6,44.4,554,t
2026-10-08 13:44:44.81662+00,26.6,44.4,546,f
2026-10-08 13:44:46.852257+00,26.6,44.5,528,f
2026-10-08 13:44:48.820193+00,26.6,44.5,547,f
2026-10-08 13:44:50.847451+00,26.6,44.4,538,f
2026-10-08 13:44:52.827815+00,26.6,44.3,526,f
2026-10-08 13:44:54.842744+00,26.6,44.3,545,f
2026-10-08 13:44:56.83685+00,26.6,44.2,562,f
2026-10-08 13:44:58.844383+00,26.7,44.3,560,f
2026-10-08 13:45:00.919778+00,26.6,44.3,538,f
2026-10-08 13:45:02.854567+00,26.6,44.2,550,f
2026-10-08 13:45:04.884405+00,26.7,44.2,601,f
2026-10-08 13:45:06.861338+00,26.6,44.3,553,f
2026-10-08 13:45:08.879683+00,26.6,44.2,535,f
2026-10-08 13:45:10.871787+00,26.7,44.2,548,f
2026-10-08 13:45:12.877371+00,26.7,44.1,537,f
2026-10-08 13:45:14.923188+00,26.7,44.2,583,f
2026-10-08 13:45:17.791159+00,26.7,44.2,530,f
2026-10-08 13:45:19.76967+00,26.7,44,572,f
2026-10-08 13:45:20.906851+00,26.7,43.9,563,f
2026-10-08 13:45:23.00182+00,26.7,44.2,558,f
2026-10-08 13:45:24.903913+00,26.7,45.4,557,f
2026-10-08 13:45:26.916675+00,26.7,45.2,591,f
2026-10-08 13:45:28.972253+00,26.7,44.9,566,f
2026-10-08 13:45:30.925601+00,26.7,44.6,585,f
2026-10-08 13:45:32.951322+00,26.7,44.5,549,f
2026-10-08 13:45:34.936974+00,26.7,44.3,578,f
2026-10-08 13:45:36.940117+00,26.7,44.3,641,f
2026-10-08 13:45:38.979198+00,26.7,44.2,576,f
2026-10-08 13:45:40.956482+00,26.7,44.1,560,f
2026-10-08 13:45:42.981216+00,26.7,44.2,573,f
2026-10-08 13:45:43.418682+00,26.7,44.2,545,t
2026-10-08 13:45:44.344218+00,26.7,44.2,574,f
2026-10-08 13:45:46.004409+00,26.7,44.2,528,t
2026-10-08 13:45:46.997118+00,26.7,44.2,559,f
2026-10-08 13:45:48.968925+00,26.7,44.2,595,f
2026-10-08 13:45:49.489588+00,26.7,44.2,561,t
2026-10-08 13:45:50.451669+00,26.7,44.2,560,f
2026-10-08 13:45:52.452046+00,26.7,44.3,544,f
2026-10-08 13:45:53.258783+00,26.7,44.3,535,t
2026-10-08 13:45:54.282042+00,26.7,44.3,590,f
2026-10-08 13:45:56.223614+00,26.7,44.6,576,f
2026-10-08 13:45:58.238334+00,26.7,44.8,576,f
2026-10-08 13:46:00.237725+00,26.8,44.9,572,f
2026-10-08 13:46:02.282704+00,26.8,44.9,563,f
2026-10-08 13:46:04.315345+00,26.8,44.8,582,f
2026-10-08 13:46:06.253522+00,26.8,44.7,523,f
2026-10-08 13:46:08.281383+00,26.8,44.7,558,f
2026-10-08 13:46:10.253403+00,26.8,44.7,554,f
2026-10-08 13:46:12.287301+00,26.8,44.6,555,f
2026-10-08 13:46:14.267775+00,26.8,44.5,559,f
2026-10-08 13:46:16.298829+00,26.8,44.4,556,f
2026-10-08 13:46:18.311021+00,26.8,44.3,553,f
2026-10-08 13:46:20.278598+00,26.8,44.2,563,f
2026-10-08 13:46:22.301949+00,26.8,44.2,562,f
2026-10-08 13:46:24.289275+00,26.8,44.1,545,f
2026-10-08 13:46:26.291427+00,26.8,44.1,578,f
2026-10-08 13:46:28.30346+00,26.8,44,539,f
2026-10-08 13:46:30.208473+00,26.8,44,539,t
2026-10-08 13:46:31.163468+00,26.8,44.1,539,f
2026-10-08 13:46:33.180165+00,26.8,44.2,552,f
2026-10-08 13:46:35.202803+00,26.8,44.4,560,f
2026-10-08 13:46:37.175662+00,26.8,44.5,736,f
2026-10-08 13:46:38.000597+00,26.8,44.5,703,t
2026-10-08 13:46:38.991786+00,26.8,44.5,656,f
2026-10-08 13:46:40.990916+00,26.8,44.9,668,f
2026-10-08 13:46:41.083173+00,26.8,44.9,634,t
2026-10-08 13:46:42.06157+00,26.8,44.9,654,f
2026-10-08 13:46:44.070329+00,26.8,45.3,657,f
2026-10-08 13:46:46.087412+00,26.8,45.4,613,f
2026-10-08 13:46:48.116173+00,26.9,45.7,599,f
2026-10-08 13:46:50.083506+00,26.8,46.4,639,f
2026-10-08 13:46:52.092875+00,26.8,46.6,656,f
2026-10-08 13:46:54.077383+00,26.9,46.5,638,f
2026-10-08 13:46:56.083968+00,26.9,46.2,647,f
2026-10-08 13:46:58.091377+00,26.9,46,653,f
2026-10-08 13:47:00.114602+00,26.9,45.8,645,f
2026-10-08 13:47:02.140361+00,26.9,45.5,639,f
2026-10-08 13:47:04.126381+00,26.9,45.2,607,f
2026-10-08 13:47:06.131215+00,26.9,44.9,624,f
2026-10-08 13:47:08.109158+00,26.9,44.7,651,f
2026-10-08 13:47:10.129162+00,26.9,44.5,655,f
2026-10-08 13:47:12.114528+00,26.9,44.1,621,f
2026-10-08 13:47:14.131994+00,26.9,43.9,617,f
2026-10-08 13:47:16.167913+00,27,43.8,633,f
2026-10-08 13:47:18.151359+00,26.9,43.7,637,f
2026-10-08 13:47:20.155638+00,26.9,43.7,642,f
2026-10-08 13:47:22.139315+00,27,44,607,f
2026-10-08 13:47:24.151324+00,26.9,44.1,631,f
2026-10-08 13:47:26.150382+00,26.9,44.1,653,f
2026-10-08 13:47:28.154954+00,27,44.2,634,f
2026-10-08 13:47:30.18479+00,26.9,44.4,609,f
2026-10-08 13:47:32.159089+00,27,44.4,651,f
2026-10-08 13:47:34.225542+00,27,44.4,658,f
2026-10-08 13:47:36.168334+00,27,44.3,691,f
2026-10-08 13:47:38.172984+00,27,44.2,673,f
2026-10-08 13:47:40.176088+00,26.9,44.1,727,f
2026-10-08 13:47:42.201796+00,27,43.9,633,f
2026-10-08 13:47:44.22054+00,27,43.9,626,f
2026-10-08 13:47:46.192045+00,27,43.8,616,f
2026-10-08 13:47:48.213167+00,27,43.8,624,f
2026-10-08 13:47:50.196635+00,27,43.9,608,f
2026-10-08 13:47:52.206748+00,26.9,44,647,f
2026-10-08 13:47:54.216755+00,27,44.1,613,f
2026-10-08 13:47:56.208919+00,27,44.1,656,f
2026-10-08 13:47:58.253544+00,27,44.1,627,f
2026-10-08 13:48:00.221634+00,27,44,629,f
2026-10-08 13:48:02.257318+00,27,43.9,614,f
2026-10-08 13:48:04.241344+00,27,43.7,639,f
2026-10-08 13:48:06.249398+00,27,43.7,655,f
2026-10-08 13:48:08.297396+00,27,43.5,656,f
2026-10-08 13:48:10.248402+00,27,43.6,633,f
2026-10-08 13:48:12.291357+00,27,43.4,637,f
2026-10-08 13:48:14.261624+00,27,43.5,657,f
2026-10-08 13:48:16.288323+00,27,43.4,592,f
2026-10-08 13:48:18.262591+00,27,43.5,597,f
2026-10-08 13:48:20.28774+00,27,43.5,627,f
2026-10-08 13:48:22.27068+00,27,43.4,656,f
2026-10-08 13:48:24.276784+00,27,43.5,659,f
2026-10-08 13:48:26.320792+00,27,43.5,679,f
2026-10-08 13:48:28.279036+00,27,43.5,640,f
2026-10-08 13:48:30.306344+00,27,43.5,689,f
2026-10-08 13:48:32.285711+00,27,43.6,607,f
2026-10-08 13:48:34.307204+00,27,43.5,606,f
2026-10-08 13:48:36.299107+00,27,43.5,592,f
2026-10-08 13:48:38.301461+00,27,43.4,621,f
2026-10-08 13:48:40.375657+00,27,43.5,657,f
2026-10-08 13:48:42.314541+00,27,43.3,667,f
2026-10-08 13:48:44.332884+00,27,43.3,621,f
2026-10-08 13:48:46.316641+00,27,43.4,599,f
2026-10-08 13:48:48.330601+00,27,43.3,608,f
2026-10-08 13:48:50.327675+00,26.9,43.3,603,f
2026-10-08 13:48:52.332642+00,26.9,43.3,617,f
2026-10-08 13:48:54.370206+00,27,43.3,610,f
2026-10-08 13:48:56.340199+00,27,43.4,591,f
2026-10-08 13:48:58.363669+00,26.9,43.4,587,f
2026-10-08 13:49:00.344712+00,27,43.5,592,f
2026-10-08 13:49:02.392975+00,26.9,43.5,670,f
2026-10-08 13:49:04.355705+00,26.9,43.6,617,f
2026-10-08 13:49:06.360332+00,27,43.6,591,f
2026-10-08 13:49:08.416971+00,27,43.6,591,f
2026-10-08 13:49:10.380321+00,26.9,43.6,605,f
2026-10-08 13:49:12.515335+00,26.9,43.5,618,f
2026-10-08 13:49:14.390225+00,26.9,43.6,624,f
2026-10-08 13:49:16.383137+00,26.9,43.5,621,f
2026-10-08 13:49:18.38808+00,26.9,43.4,635,f
2026-10-08 13:49:20.390369+00,26.9,43.3,615,f
2026-10-08 13:49:22.470563+00,26.9,43.4,631,f
2026-10-08 13:49:24.40546+00,26.9,43.4,655,f
2026-10-08 13:49:26.544012+00,26.9,43.4,625,f
2026-10-08 13:49:28.437939+00,26.9,43.3,599,f
2026-10-08 13:49:30.43106+00,26.9,43.3,626,f
2026-10-08 13:49:32.610471+00,26.9,43.3,637,f
2026-10-08 13:49:34.434223+00,26.9,43.3,621,f
2026-10-08 13:49:36.515246+00,26.9,43.3,630,f
2026-10-08 13:49:38.427784+00,26.9,43.3,608,f
2026-10-08 13:49:40.477842+00,26.8,43.3,619,f
2026-10-08 13:49:42.433235+00,26.9,43.4,624,f
2026-10-08 13:49:44.557007+00,26.9,43.4,655,f
2026-10-08 13:49:46.441235+00,26.9,43.4,609,f
2026-10-08 13:49:48.512132+00,26.9,43.4,618,f
2026-10-08 13:49:50.50577+00,26.8,43.5,620,f
2026-10-08 13:49:52.474925+00,26.9,43.5,613,f
2026-10-08 13:49:54.504718+00,26.9,43.6,624,f
2026-10-08 13:49:56.487704+00,26.8,43.7,659,f
2026-10-08 13:49:58.48591+00,26.8,43.6,599,f
2026-10-08 13:50:00.47006+00,26.8,43.6,625,f
2026-10-08 13:50:02.525175+00,26.8,43.6,627,f
2026-10-08 13:50:04.53561+00,26.8,43.6,681,f
2026-10-08 13:50:06.506336+00,26.8,43.6,606,f
2026-10-08 13:50:08.545974+00,26.8,43.6,629,f
2026-10-08 13:50:10.587069+00,26.8,43.7,618,f
2026-10-08 13:50:12.528896+00,26.8,43.8,592,f
2026-10-08 13:50:14.506775+00,26.8,43.8,593,f
2026-10-08 13:50:16.505974+00,26.8,43.8,592,f
2026-10-08 13:50:18.545735+00,26.8,43.7,592,f
2026-10-08 13:50:20.522593+00,26.8,43.7,656,f
2026-10-08 13:50:22.560115+00,26.8,43.7,676,f
2026-10-08 13:50:24.533428+00,26.8,43.7,625,f
2026-10-08 13:50:26.532183+00,26.7,43.7,581,f
2026-10-08 13:50:28.535524+00,26.8,43.6,615,f
2026-10-08 13:50:30.542091+00,26.7,43.7,599,f
2026-10-08 13:50:32.592332+00,26.8,43.8,598,f
2026-10-08 13:50:34.541644+00,26.7,43.7,644,f
2026-10-08 13:50:36.565091+00,26.8,43.7,608,f
2026-10-08 13:50:38.572091+00,26.8,43.6,640,f
2026-10-08 13:50:40.571162+00,26.7,43.5,625,f
2026-10-08 13:50:42.562165+00,26.7,43.5,633,f
2026-10-08 13:50:44.593844+00,26.7,43.5,591,f
2026-10-08 13:50:46.621872+00,26.7,43.5,592,f
2026-10-08 13:50:48.594985+00,26.8,43.4,583,f
2026-10-08 13:50:50.625958+00,26.7,43.3,615,f
2026-10-08 13:50:52.58105+00,26.7,43.3,645,f
2026-10-08 13:50:54.60542+00,26.7,43.3,598,f
2026-10-08 13:50:56.59506+00,26.7,43.4,624,f
2026-10-08 13:50:58.606078+00,26.7,43.4,608,f
2026-10-08 13:51:00.667424+00,26.7,43.5,615,f
2026-10-08 13:51:02.694966+00,26.7,43.5,607,f
2026-10-08 13:51:04.695828+00,26.7,43.5,599,f
2026-10-08 13:51:06.636057+00,26.7,43.6,634,f
2026-10-08 13:51:08.754916+00,26.7,43.5,608,f
2026-10-08 13:51:10.618589+00,26.7,43.5,602,f
2026-10-08 13:51:12.665351+00,26.7,43.4,611,f
2026-10-08 13:51:14.703715+00,26.7,43.3,636,f
2026-10-08 13:51:16.709397+00,26.7,43.3,609,f
2026-10-08 13:51:18.791781+00,26.7,43.3,606,f
2026-10-08 13:51:20.653235+00,26.7,43.3,649,f
2026-10-08 13:51:22.689666+00,26.7,43.2,608,f
2026-10-08 13:51:24.753789+00,26.7,43.1,608,f
2026-10-08 13:51:26.794411+00,26.7,43.3,610,f
2026-10-08 13:51:28.688545+00,26.7,43,614,f
2026-10-08 13:51:30.684738+00,26.7,43.1,611,f
2026-10-08 13:51:32.818387+00,26.7,43.1,597,f
2026-10-08 13:51:34.685079+00,26.7,43.1,638,f
2026-10-08 13:51:36.719755+00,26.7,43.1,626,f
2026-10-08 13:51:38.738316+00,26.7,43,608,f
2026-10-08 13:51:40.678811+00,26.7,43.1,605,f
2026-10-08 13:51:42.725288+00,26.7,43,623,f
2026-10-08 13:51:44.698732+00,26.7,43,594,f
2026-10-08 13:51:46.73555+00,26.7,43.1,630,f
2026-10-08 13:51:48.696158+00,26.7,43.1,688,f
2026-10-08 13:51:50.718819+00,26.7,43.2,597,f
2026-10-08 13:51:52.804555+00,26.7,43.7,603,f
2026-10-08 13:51:54.708815+00,26.7,44.1,574,f
2026-10-08 13:51:56.745987+00,26.7,44.3,640,f
2026-10-08 13:51:58.71835+00,26.7,44.3,609,f
2026-10-08 13:52:00.960462+00,26.7,45.1,639,f
2026-10-08 13:52:02.732867+00,26.7,45.1,612,f
2026-10-08 13:52:04.742737+00,26.7,44.6,584,f
2026-10-08 13:52:06.788273+00,26.8,44.1,641,f
2026-10-08 13:52:08.761206+00,26.7,43.9,642,f
2026-10-08 13:52:10.78547+00,26.7,43.8,626,f
2026-10-08 13:52:12.777923+00,26.7,43.8,611,f
2026-10-08 13:52:14.777605+00,26.8,43.7,609,f
2026-10-08 13:52:16.769764+00,26.7,43.6,603,f
2026-10-08 13:52:18.78956+00,26.8,43.7,593,f
2026-10-08 13:52:20.765333+00,26.8,43.5,592,f
2026-10-08 13:52:22.771042+00,26.7,43.4,577,f
2026-10-08 13:52:25.024956+00,26.7,43.4,575,f
2026-10-08 13:52:26.78185+00,26.7,43.4,581,f
2026-10-08 13:52:28.857698+00,26.8,43.2,624,f
2026-10-08 13:52:30.800815+00,26.7,43.2,618,f
2026-10-08 13:52:32.8052+00,26.8,43.1,614,f
2026-10-08 13:52:34.791686+00,26.7,43.1,576,f
2026-10-08 13:52:36.901066+00,26.7,43.1,682,f
2026-10-08 13:52:38.883014+00,26.7,43.2,624,f
2026-10-08 13:52:40.818451+00,26.7,43.1,617,f
2026-10-08 13:52:42.858966+00,26.7,43.2,593,f
2026-10-08 13:52:44.809614+00,26.7,43.3,587,f
2026-10-08 13:52:46.837061+00,26.7,43.2,603,f
2026-10-08 13:52:48.825476+00,26.7,43.2,626,f
2026-10-08 13:52:50.866022+00,26.7,43.3,656,f
2026-10-08 13:52:52.885811+00,26.7,43.2,587,f
2026-10-08 13:52:55.231046+00,26.7,43.2,577,f
2026-10-08 13:52:56.907854+00,26.7,43.3,607,f
2026-10-08 13:52:59.120137+00,26.7,43.3,624,f
2026-10-08 13:53:00.866539+00,26.7,43.3,654,f
2026-10-08 13:53:02.915746+00,26.6,43.2,611,f
2026-10-08 13:53:04.864003+00,26.6,43.2,641,f
2026-10-08 13:53:06.94042+00,26.7,43.2,630,f
2026-10-08 13:53:08.859675+00,26.7,43.3,578,f
2026-10-08 13:53:10.932997+00,26.7,43.1,574,f
2026-10-08 13:53:12.882701+00,26.7,43.7,592,f
2026-10-08 13:53:15.033792+00,26.7,44.1,617,f
2026-10-08 13:53:17.090742+00,26.7,44.1,607,f
2026-10-08 13:53:18.932981+00,26.7,43.9,607,f
2026-10-08 13:53:20.938511+00,26.7,43.6,575,f
2026-10-08 13:53:23.076544+00,26.7,43.5,569,f
2026-10-08 13:53:24.929788+00,26.7,43.3,611,f
2026-10-08 13:53:27.065228+00,26.7,43.3,635,f
2026-10-08 13:53:28.968618+00,26.6,43.3,610,f
2026-10-08 13:53:30.911335+00,26.7,43.2,605,f
2026-10-08 13:53:33.006879+00,26.7,43.1,608,f
2026-10-08 13:53:35.061366+00,26.6,43.1,598,f
2026-10-08 13:53:37.055132+00,26.6,43,595,f
2026-10-08 13:53:39.053564+00,26.6,42.9,609,f
2026-10-08 13:53:41.025158+00,26.6,43,606,f
2026-10-08 13:53:42.980627+00,26.6,43,605,f
2026-10-08 13:53:44.943341+00,26.6,43,576,f
2026-10-08 13:53:46.933251+00,26.6,43,603,f
2026-10-08 13:53:48.990936+00,26.6,43,603,f
2026-10-08 13:53:50.952202+00,26.6,42.9,591,f
2026-10-08 13:53:52.973003+00,26.6,42.9,604,f
2026-10-08 13:53:54.984343+00,26.6,42.9,629,f
2026-10-08 13:53:57.068256+00,26.6,42.9,605,f
2026-10-08 13:53:59.019416+00,26.6,43,609,f
2026-10-08 13:54:01.022862+00,26.6,43,598,f
2026-10-08 13:54:03.363945+00,26.6,43,596,f
2026-10-08 13:54:05.009451+00,26.6,43.1,606,f
2026-10-08 13:54:07.020746+00,26.6,42.8,639,f
2026-10-08 13:54:08.979095+00,26.6,42.9,637,f
2026-10-08 13:54:11.051814+00,26.6,42.9,649,f
2026-10-08 13:54:12.996257+00,26.6,42.7,599,f
2026-10-08 13:54:15.033059+00,26.6,42.7,645,f
2026-10-08 13:54:17.170553+00,26.6,42.8,592,f
2026-10-08 13:54:19.021738+00,26.6,42.8,567,f
2026-10-08 13:54:21.138154+00,26.6,42.8,607,f
2026-10-08 13:54:23.097514+00,26.6,43,624,f
2026-10-08 13:54:25.232535+00,26.6,42.9,567,f
2026-10-08 13:54:27.122187+00,26.6,42.8,586,f
2026-10-08 13:54:29.022416+00,26.6,42.9,610,f
2026-10-08 13:54:31.099481+00,26.6,43,626,f
2026-10-08 13:54:33.038827+00,26.5,43,590,f
2026-10-08 13:54:35.065501+00,26.6,43.1,602,f
2026-10-08 13:54:37.048607+00,26.5,43.2,613,f
2026-10-08 13:54:39.09007+00,26.5,43.3,621,f
2026-10-08 13:54:41.054687+00,26.5,43.3,577,f
2026-10-08 13:54:43.151441+00,26.5,43.3,606,f
2026-10-08 13:54:45.141502+00,26.5,43.3,583,f
2026-10-08 13:54:47.186402+00,26.5,43.2,650,f
2026-10-08 13:54:49.107711+00,26.5,43.1,604,f
2026-10-08 13:54:51.135689+00,26.5,43.2,590,f
2026-10-08 13:54:53.089323+00,26.5,43.2,570,f
2026-10-08 13:54:55.0815+00,26.5,43.3,620,f
2026-10-08 13:54:57.100296+00,26.5,43.4,665,f
2026-10-08 13:54:59.245548+00,26.5,43.5,635,f
2026-10-08 13:55:01.126122+00,26.5,43.3,688,f
2026-10-08 13:55:03.162397+00,26.5,43.3,576,f
2026-10-08 13:55:05.222302+00,26.5,43.2,619,f
2026-10-08 13:55:07.13668+00,26.5,43.3,605,f
2026-10-08 13:55:09.114407+00,26.5,43.2,610,f
2026-10-08 13:55:11.153157+00,26.5,43.2,602,f
2026-10-08 13:55:13.155831+00,26.5,43.1,646,f
2026-10-08 13:55:15.135271+00,26.5,43,624,f
2026-10-08 13:55:17.204462+00,26.5,43,688,f
2026-10-08 13:55:19.144722+00,26.5,43,587,f
2026-10-08 13:55:21.172599+00,26.5,43,609,f
2026-10-08 13:55:23.291978+00,26.5,43,615,f
2026-10-08 13:55:25.165951+00,26.5,43,625,f
2026-10-08 13:55:27.184956+00,26.4,43,616,f
2026-10-08 13:55:29.180968+00,26.5,42.9,611,f
2026-10-08 13:55:31.619338+00,26.5,42.9,605,f
2026-10-08 13:55:33.176205+00,26.5,42.9,603,f
2026-10-08 13:55:35.376058+00,26.5,42.9,617,f
2026-10-08 13:55:37.220671+00,26.5,42.9,615,f
2026-10-08 13:55:39.226141+00,26.5,42.9,639,f
2026-10-08 13:55:41.215805+00,26.5,42.8,601,f
2026-10-08 13:55:43.177367+00,26.5,42.9,606,f
2026-10-08 13:55:45.324686+00,26.4,42.9,596,f
2026-10-08 13:55:47.181379+00,26.4,42.8,655,f
2026-10-08 13:55:49.227462+00,26.4,42.9,611,f
2026-10-08 13:55:51.282923+00,26.4,42.9,581,f
2026-10-08 13:55:53.20819+00,26.5,42.9,594,f
2026-10-08 13:55:55.341149+00,26.4,42.7,594,f
2026-10-08 13:55:57.388126+00,26.4,42.7,587,f
2026-10-08 13:55:59.276692+00,26.4,42.7,597,f
2026-10-08 13:56:01.279704+00,26.4,42.6,596,f
2026-10-08 13:56:03.228259+00,26.4,42.6,622,f
2026-10-08 13:56:05.497492+00,26.4,42.6,624,f
2026-10-08 13:56:07.525535+00,26.4,42.6,579,f
2026-10-08 13:56:09.272825+00,26.4,42.6,619,f
2026-10-08 13:56:11.422308+00,26.4,42.7,624,f
2026-10-08 13:56:13.413907+00,26.4,42.7,592,f
2026-10-08 13:56:15.330165+00,26.4,42.6,597,f
2026-10-08 13:56:17.374457+00,26.4,42.6,646,f
2026-10-08 13:56:19.25788+00,26.4,42.7,640,f
2026-10-08 13:56:21.284693+00,26.5,42.6,603,f
2026-10-08 13:56:23.548875+00,26.4,42.6,595,f
2026-10-08 13:56:25.2761+00,26.4,42.6,587,f
2026-10-08 13:56:27.546213+00,26.4,42.7,608,f
2026-10-08 13:56:29.273094+00,26.4,42.7,576,f
2026-10-08 13:56:31.338749+00,26.4,42.7,586,f
2026-10-08 13:56:33.33371+00,26.4,42.7,586,f
2026-10-08 13:56:35.419263+00,26.4,42.6,590,f
2026-10-08 13:56:37.290369+00,26.4,42.7,594,f
2026-10-08 13:56:39.330714+00,26.4,42.6,595,f
2026-10-08 13:56:41.375819+00,26.4,42.6,592,f
2026-10-08 13:56:43.332685+00,26.4,42.7,604,f
2026-10-08 13:56:45.378893+00,26.4,42.7,669,f
2026-10-08 13:56:47.362843+00,26.4,42.7,623,f
2026-10-08 13:56:49.374044+00,26.4,42.8,599,f
2026-10-08 13:56:51.493587+00,26.4,42.8,637,f
2026-10-08 13:56:53.50886+00,26.4,42.7,624,f
2026-10-08 13:56:55.479549+00,26.4,42.7,612,f
2026-10-08 13:56:57.339249+00,26.4,42.7,619,f
2026-10-08 13:56:59.401388+00,26.4,42.7,618,f
2026-10-08 13:57:01.334316+00,26.4,42.7,624,f
2026-10-08 13:57:03.374617+00,26.4,42.7,606,f
2026-10-08 13:57:05.493694+00,26.4,42.7,592,f
2026-10-08 13:57:07.371984+00,26.4,42.8,651,f
2026-10-08 13:57:09.757724+00,26.3,42.8,617,f
2026-10-08 13:57:11.373073+00,26.4,42.8,627,f
2026-10-08 13:57:13.429853+00,26.4,42.8,655,f
2026-10-08 13:57:15.379387+00,26.4,42.8,626,f
2026-10-08 13:57:17.397663+00,26.4,42.8,619,f
2026-10-08 13:57:19.446573+00,26.4,42.9,625,f
2026-10-08 13:57:21.478626+00,26.4,42.8,647,f
2026-10-08 13:57:23.432004+00,26.4,42.9,639,f
2026-10-08 13:57:25.388599+00,26.4,42.9,604,f
2026-10-08 13:57:27.402938+00,26.4,42.9,619,f
2026-10-08 13:57:29.597665+00,26.4,42.9,599,f
2026-10-08 13:57:31.44001+00,26.4,43,597,f
2026-10-08 13:57:33.479201+00,26.4,43,606,f
2026-10-08 13:57:35.455339+00,26.4,42.9,653,f
2026-10-08 13:57:37.464305+00,26.4,42.9,624,f
2026-10-08 13:57:39.43746+00,26.4,43,617,f
2026-10-08 13:57:41.476522+00,26.4,43.1,613,f
2026-10-08 13:57:43.433202+00,26.4,43.1,634,f
2026-10-08 13:57:45.430023+00,26.4,43.1,614,f
2026-10-08 13:57:47.508918+00,26.4,43,603,f
2026-10-08 13:57:49.448934+00,26.4,42.9,611,f
2026-10-08 13:57:51.496853+00,26.4,43,597,f
2026-10-08 13:57:53.638428+00,26.4,42.9,630,f
2026-10-08 13:57:55.531199+00,26.4,42.9,638,f
2026-10-08 13:57:57.459777+00,26.4,42.8,608,f
2026-10-08 13:57:59.473342+00,26.4,42.7,630,f
2026-10-08 13:58:01.497876+00,26.4,42.8,628,f
2026-10-08 13:58:03.471306+00,26.4,42.8,594,f
2026-10-08 13:58:05.508793+00,26.4,42.9,617,f
2026-10-08 13:58:07.642143+00,26.5,42.9,598,f
2026-10-08 13:58:09.522329+00,26.4,42.9,627,f
2026-10-08 13:58:11.499692+00,26.4,42.9,609,f
2026-10-08 13:58:13.481259+00,26.5,43,624,f
2026-10-08 13:58:15.482553+00,26.5,42.9,624,f
2026-10-08 13:58:17.490168+00,26.5,42.9,641,f
2026-10-08 13:58:19.554166+00,26.4,42.8,602,f
2026-10-08 13:58:21.707153+00,26.4,42.9,615,f
2026-10-08 13:58:23.582431+00,26.5,42.8,655,f
2026-10-08 13:58:25.528309+00,26.4,42.8,594,f
2026-10-08 13:58:27.558816+00,26.4,42.7,603,f
2026-10-08 13:58:29.592476+00,26.4,42.7,608,f
2026-10-08 13:58:31.552447+00,26.4,42.7,597,f
2026-10-08 13:58:33.565645+00,26.4,42.7,603,f
2026-10-08 13:58:35.552464+00,26.4,42.9,615,f
2026-10-08 13:58:37.552622+00,26.4,42.9,614,f
2026-10-08 13:58:39.534682+00,26.4,42.9,614,f
2026-10-08 13:58:41.544215+00,26.4,42.9,607,f
2026-10-08 13:58:43.551337+00,26.4,42.9,608,f
2026-10-08 13:58:45.568207+00,26.4,42.9,607,f
2026-10-08 13:58:47.613981+00,26.4,42.9,624,f
2026-10-08 13:58:49.571712+00,26.4,42.8,607,f
2026-10-08 13:58:51.589714+00,26.4,42.9,609,f
2026-10-08 13:58:53.568405+00,26.4,42.9,599,f
2026-10-08 13:58:55.591632+00,26.5,42.9,602,f
2026-10-08 13:58:57.586507+00,26.4,43,604,f
2026-10-08 13:58:59.608962+00,26.4,43,605,f
2026-10-08 13:59:01.630818+00,26.4,42.9,578,f
2026-10-08 13:59:03.663409+00,26.4,42.9,606,f
2026-10-08 13:59:05.620958+00,26.4,42.9,622,f
2026-10-08 13:59:07.592753+00,26.4,42.8,610,f
2026-10-08 13:59:09.604431+00,26.4,42.7,631,f
2026-10-08 13:59:11.598873+00,26.4,42.7,641,f
2026-10-08 13:59:13.606746+00,26.5,42.8,610,f
2026-10-08 13:59:15.657139+00,26.4,43.2,627,f
2026-10-08 13:59:17.724093+00,26.4,43.3,606,f
2026-10-08 13:59:19.653946+00,26.4,43.5,608,f
2026-10-08 13:59:21.619967+00,26.4,44.2,656,f
2026-10-08 13:59:23.622778+00,26.5,44.4,656,f
2026-10-08 13:59:25.695175+00,26.4,44.4,640,f
2026-10-08 13:59:27.751844+00,26.5,44.3,640,f
2026-10-08 13:59:29.66592+00,26.5,44.4,657,f
2026-10-08 13:59:31.648883+00,26.5,44.4,613,f
2026-10-08 13:59:33.663599+00,26.5,44.4,628,f
2026-10-08 13:59:35.646994+00,26.5,44.1,647,f
2026-10-08 13:59:37.660071+00,26.5,43.9,640,f
2026-10-08 13:59:39.727515+00,26.5,43.6,614,f
2026-10-08 13:59:42.615473+00,26.5,43.3,651,f
2026-10-08 13:59:43.738376+00,26.5,43.1,606,f
2026-10-08 13:59:45.848842+00,26.5,43,611,f
2026-10-08 13:59:47.719637+00,26.5,42.9,624,f
2026-10-08 13:59:49.740358+00,26.5,42.7,581,f
2026-10-08 13:59:51.727446+00,26.5,42.7,586,f
2026-10-08 13:59:53.893087+00,26.6,42.9,623,f
2026-10-08 13:59:55.720592+00,26.5,42.8,622,f
2026-10-08 13:59:57.857366+00,26.5,42.8,617,f
2026-10-08 13:59:59.727624+00,26.5,42.8,629,f
2026-10-08 14:00:01.719094+00,26.5,42.7,634,f
2026-10-08 14:00:03.709867+00,26.6,42.7,661,f
2026-10-08 14:00:05.828437+00,26.6,42.7,587,f
2026-10-08 14:00:07.723391+00,26.6,42.7,592,f
2026-10-08 14:00:09.744391+00,26.5,42.7,579,f
2026-10-08 14:00:11.755695+00,26.6,42.7,593,f
2026-10-08 14:00:13.727564+00,26.6,42.7,630,f
2026-10-08 14:00:15.74966+00,26.6,42.7,606,f
2026-10-08 14:00:17.904198+00,26.6,42.8,656,f
2026-10-08 14:00:19.77863+00,26.6,42.8,620,f
2026-10-08 14:00:21.804687+00,26.5,42.9,609,f
2026-10-08 14:00:23.780028+00,26.6,42.9,605,f
2026-10-08 14:00:25.781148+00,26.5,43,607,f
2026-10-08 14:00:27.861355+00,26.6,42.9,640,f
2026-10-08 14:00:29.82067+00,26.6,42.9,624,f
2026-10-08 14:00:31.822156+00,26.6,43,622,f
2026-10-08 14:00:33.768584+00,26.6,43,619,f
2026-10-08 14:00:35.822522+00,26.6,43.1,615,f
2026-10-08 14:00:37.774507+00,26.6,43.2,624,f
2026-10-08 14:00:39.930793+00,26.6,43.2,646,f
2026-10-08 14:00:42.064358+00,26.6,43.2,620,f
2026-10-08 14:00:44.041914+00,26.6,43.2,619,f
2026-10-08 14:00:45.864683+00,26.6,43.1,641,f
2026-10-08 14:00:47.819859+00,26.6,43.1,653,f
2026-10-08 14:00:49.847422+00,26.6,43,593,f
2026-10-08 14:00:52.061245+00,26.6,42.9,666,f
2026-10-08 14:00:53.875655+00,26.6,42.8,618,f
2026-10-08 14:00:55.916549+00,26.6,42.8,629,f
2026-10-08 14:00:57.860614+00,26.6,42.7,610,f
2026-10-08 14:00:59.883562+00,26.6,42.9,612,f
2026-10-08 14:01:01.935011+00,26.6,42.9,624,f
2026-10-08 14:01:03.943345+00,26.6,42.8,643,f
2026-10-08 14:01:05.838551+00,26.6,42.7,624,f
2026-10-08 14:01:07.874864+00,26.5,42.7,624,f
2026-10-08 14:01:09.93245+00,26.6,42.6,651,f
2026-10-08 14:01:11.863664+00,26.5,42.6,678,f
2026-10-08 14:01:13.852947+00,26.5,42.6,599,f
2026-10-08 14:01:15.978761+00,26.5,42.6,624,f
2026-10-08 14:01:17.90703+00,26.6,42.6,618,f
2026-10-08 14:01:19.87656+00,26.5,42.5,608,f
2026-10-08 14:01:21.899435+00,26.6,42.6,624,f
2026-10-08 14:01:23.880251+00,26.6,42.5,619,f
2026-10-08 14:01:25.956434+00,26.6,42.5,618,f
2026-10-08 14:01:27.939857+00,26.5,42.5,656,f
2026-10-08 14:01:29.892911+00,26.5,42.5,624,f
2026-10-08 14:01:31.889595+00,26.5,42.6,603,f
2026-10-08 14:01:33.896078+00,26.5,42.6,614,f
2026-10-08 14:01:35.962635+00,26.5,42.5,624,f
2026-10-08 14:01:38.010566+00,26.5,42.5,615,f
2026-10-08 14:01:39.963746+00,26.6,42.4,611,f
2026-10-08 14:01:41.90362+00,26.5,42.5,592,f
2026-10-08 14:01:43.922725+00,26.5,42.4,597,f
2026-10-08 14:01:45.913601+00,26.5,42.4,612,f
2026-10-08 14:01:47.968584+00,26.5,42.4,598,f
2026-10-08 14:01:50.076347+00,26.5,42.5,652,f
2026-10-08 14:01:51.933254+00,26.5,42.5,591,f
2026-10-08 14:01:53.970733+00,26.5,42.4,576,f
2026-10-08 14:01:56.005101+00,26.5,42.6,624,f
2026-10-08 14:01:57.999471+00,26.5,42.5,625,f
2026-10-08 14:01:59.934023+00,26.5,42.6,641,f
2026-10-08 14:02:01.973024+00,26.5,42.6,683,f
2026-10-08 14:02:03.991425+00,26.5,42.7,581,f
2026-10-08 14:02:05.969176+00,26.6,42.7,585,f
2026-10-08 14:02:07.985126+00,26.5,42.7,592,f
2026-10-08 14:02:09.98009+00,26.5,42.7,595,f
2026-10-08 14:02:11.972694+00,26.5,42.8,649,f
2026-10-08 14:02:14.122421+00,26.5,42.7,656,f
2026-10-08 14:02:15.965379+00,26.5,42.7,672,f
2026-10-08 14:02:18.018866+00,26.5,42.6,610,f
2026-10-08 14:02:20.063055+00,26.5,42.6,599,f
2026-10-08 14:02:22.024743+00,26.5,42.6,604,f
2026-10-08 14:02:24.11093+00,26.5,42.5,627,f
2026-10-08 14:02:26.259051+00,26.5,42.5,602,f
2026-10-08 14:02:28.048304+00,26.5,42.6,577,f
2026-10-08 14:02:30.020109+00,26.5,42.6,592,f
2026-10-08 14:02:32.05924+00,26.5,42.6,610,f
2026-10-08 14:02:34.003513+00,26.5,42.6,656,f
2026-10-08 14:02:36.076323+00,26.5,42.6,681,f
2026-10-08 14:02:38.026305+00,26.5,42.6,602,f
2026-10-08 14:02:40.079629+00,26.5,42.7,591,f
2026-10-08 14:02:42.722342+00,26.5,42.7,622,f
2026-10-08 14:02:44.022526+00,26.5,42.7,605,f
2026-10-08 14:02:46.024704+00,26.5,42.7,592,f
2026-10-08 14:02:48.117774+00,26.4,42.7,618,f
2026-10-08 14:02:50.076488+00,26.5,42.8,603,f
2026-10-08 14:02:52.050781+00,26.5,42.8,634,f
2026-10-08 14:02:54.278461+00,26.5,42.8,592,f
2026-10-08 14:02:56.12593+00,26.5,42.7,595,f
2026-10-08 14:02:58.089549+00,26.4,42.6,689,f
2026-10-08 14:03:00.131867+00,26.4,42.6,592,f
2026-10-08 14:03:02.065048+00,26.4,42.6,583,f
2026-10-08 14:03:04.100585+00,26.4,42.7,663,f
2026-10-08 14:03:06.08221+00,26.4,42.8,575,f
2026-10-08 14:03:08.445608+00,26.4,43,590,f
2026-10-08 14:03:10.084891+00,26.5,43,573,f
2026-10-08 14:03:12.323569+00,26.5,43.1,592,f
2026-10-08 14:03:14.170805+00,26.4,43.1,597,f
2026-10-08 14:03:16.133992+00,26.4,43.1,631,f
2026-10-08 14:03:18.179129+00,26.4,43.2,625,f
2026-10-08 14:03:20.121786+00,26.4,43.1,586,f
2026-10-08 14:03:22.323741+00,26.4,43.1,588,f
2026-10-08 14:03:24.280497+00,26.5,43.1,589,f
2026-10-08 14:03:26.246045+00,26.4,43.1,577,f
2026-10-08 14:03:28.117333+00,26.4,43,592,f
